loss,sparse_categorical_accuracy,val_loss,val_sparse_categorical_accuracy
0.7800015211105347,0.7540462017059326,0.6917701363563538,0.783369779586792
0.6486541628837585,0.7987650632858276,0.6785072088241577,0.7837345004081726
