loss,sparse_categorical_accuracy,val_loss,val_sparse_categorical_accuracy
0.6941708922386169,0.786266028881073,0.5840644240379333,0.8236624002456665
