loss,sparse_categorical_accuracy,val_loss,val_sparse_categorical_accuracy
0.7214007377624512,0.7801432013511658,0.6409664154052734,0.8116050958633423
