loss,sparse_categorical_accuracy,val_loss,val_sparse_categorical_accuracy,lr
0.6837431788444519,0.7943099141120911,0.49132460355758667,0.8659194707870483,0.001
0.5957373380661011,0.8174201250076294,0.47310301661491394,0.8684101104736328,0.001
