loss,sparse_categorical_accuracy,val_loss,val_sparse_categorical_accuracy,lr
0.7600196599960327,0.7621853947639465,0.703914999961853,0.7848286032676697,0.001
0.6447010636329651,0.8001683950424194,0.6684831380844116,0.7899343371391296,0.001
