loss,sparse_categorical_accuracy,val_loss,val_sparse_categorical_accuracy,lr
0.6987660527229309,0.7882331013679504,0.49692046642303467,0.8667497038841248,0.001
0.5858318209648132,0.8216554522514343,0.4719834327697754,0.8671647906303406,0.001
0.5730945467948914,0.8256145715713501,0.47855043411254883,0.8675799369812012,0.001
