loss,sparse_categorical_accuracy,val_loss,val_sparse_categorical_accuracy,lr
0.7370217442512512,0.7741485238075256,0.7334946990013123,0.6882681846618652,0.001
0.6442084312438965,0.796947717666626,0.7423611879348755,0.6662942171096802,0.001
