loss,sparse_categorical_accuracy,val_loss,val_sparse_categorical_accuracy,lr
0.7212541699409485,0.7798771262168884,0.8731494545936584,0.6393747925758362,0.001
0.6335042715072632,0.8019359707832336,0.738836944103241,0.6736136674880981,0.001
