loss,sparse_categorical_accuracy,val_loss,val_sparse_categorical_accuracy,lr
0.7048054337501526,0.7830417156219482,0.8375338912010193,0.6669147610664368,0.001
0.6268709897994995,0.8034251928329468,0.810663104057312,0.653516948223114,0.001
