loss,sparse_categorical_accuracy,val_loss,val_sparse_categorical_accuracy,lr
0.7081258296966553,0.7884172797203064,0.4773041903972626,0.8671647906303406,0.001
0.5944235324859619,0.8180646300315857,0.4746881127357483,0.867995023727417,0.001
0.5728428959846497,0.8248779773712158,0.48384901881217957,0.8675799369812012,0.001
