loss,sparse_categorical_accuracy,val_loss,val_sparse_categorical_accuracy,lr
0.7647839784622192,0.7606885433197021,0.7055880427360535,0.7862873673439026,0.001
0.6487184166908264,0.8004490733146667,0.6576535105705261,0.7950401306152344,0.001
